Run,Step,BitsPerBase,GrammarSize,NeighborsEvaluated
1,-1,3.754761,13,0
3,-1,4.252595,16,0
2,-1,4.497145,17,0
3,0,4.127284,16,1
1,0,3.726546,13,3
