Run,Step,BitsPerBase,GrammarSize,NeighborsEvaluated
1,-1,3.754761,13,0
3,-1,4.252595,16,0
2,-1,4.497145,17,0
3,0,4.127284,16,1
1,0,3.726546,13,3
2,0,4.275742,17,3
3,1,4.086222,16,3
2,1,4.203965,16,1
2,2,4.007255,16,1
3,2,3.756405,16,2
1,1,3.676596,13,9
1,2,3.461154,13,3
